Type,Name,Request Count,Failure Count,Median Response Time,Average Response Time,Min Response Time,Max Response Time,Average Content Size,Requests/s,Failures/s,50%,66%,75%,80%,90%,95%,98%,99%,99.9%,99.99%,100%
GET,/,669,0,21,266.4408332914799,2.3761789999809935,1551.8863390000206,11.0,11.114256194342829,0.0,21,130,330,590,1000,1200,1400,1500,1600,1600,1600
GET,/api/locations/all,527,0,4100.0,4970.35576680645,16.20751000001519,12983.411163999988,300195.0,8.75517640421326,0.0,4100,9300,11000,11000,11000,12000,12000,12000,13000,13000,13000
GET,/api/locations/districts?name=DISTRICT,110,0,22,428.81488743636356,6.571374000003516,2720.136623000002,3.0,1.8274561754524832,0.0,22,85,500,950,2000,2200,2600,2600,2700,2700,2700
GET,/api/locations/districts?name=Etobicoke%20York,106,0,42,481.4058097547171,5.965142999997397,2849.590737999989,3.0,1.7610032236178474,0.0,43,170,580,850,2000,2200,2600,2700,2800,2800,2800
GET,/api/locations/districts?name=North%20York,96,0,29,384.37467117708223,6.023829000014302,2795.146996999989,3.0,1.594870844031258,0.0,31,180,420,580,1900,2100,2600,2800,2800,2800,2800
GET,/api/locations/districts?name=Scarborough,115,0,22,429.1515582000005,6.31592700000283,2890.481952000016,3.0,1.910522365245778,0.0,22,86,280,1000,1800,2100,2200,2700,2900,2900,2900
GET,/api/locations/districts?name=Toronto%20East%20York,108,0,16,383.9224109444456,6.107233999983919,2725.500961000023,3.0,1.7942296995351652,0.0,16,74,390,630,2000,2200,2400,2600,2700,2700,2700
GET,/api/locations/districts?name=Waterfront,109,0,42,534.0976017889926,5.841270000018994,2811.200450000001,3.0,1.8108429374938242,0.0,42,160,600,1300,2100,2300,2800,2800,2800,2800,2800
GET,/api/locations/parks/?name=AGINCOURT%20PARK,5,0,39,214.1392314000086,6.685935000007248,889.402629000017,2341.0,0.08306618979329469,0.0,39,130,130,890,890,890,890,890,890,890,890
GET,/api/locations/parks/?name=ALAMOSA%20PARK,5,0,40,291.82546979999415,3.4241040000040357,1028.2378349999988,1408.0,0.08306618979329469,0.0,40,380,380,1000,1000,1000,1000,1000,1000,1000,1000
GET,/api/locations/parks/?name=ALBION%20GARDENS%20PARK,6,0,90,457.1512751666707,3.7717140000097515,1166.6093799999828,1487.0,0.09967942775195363,0.0,390,390,1000,1000,1200,1200,1200,1200,1200,1200,1200
GET,/api/locations/parks/?name=AMESBURY%20PARK,5,0,4,149.46583600000167,2.891857000008713,731.3891900000158,960.0,0.08306618979329469,0.0,4,5,5,730,730,730,730,730,730,730,730
GET,/api/locations/parks/?name=ANCASTER%20PARK,3,0,290.0,482.3778133333292,41.01191300000551,1113.3753780000006,1426.0,0.04983971387597681,0.0,290,290,1100,1100,1100,1100,1100,1100,1100,1100,1100
GET,/api/locations/parks/?name=ANGELA%20JAMES%20ARENA%20-%20Building%20Grounds,2,0,900.0724999999932,1011.4006624999945,900.0724999999932,1122.7288249999958,2045.0,0.03322647591731787,0.0,1100,1100,1100,1100,1100,1100,1100,1100,1100,1100,1100
GET,/api/locations/parks/?name=ANTIBES%20COMMUNITY%20CENTRE%20-%20Building%20Grounds,3,0,85,533.9924046666624,25.979755999998133,1490.5409339999949,479.0,0.04983971387597681,0.0,85,85,1500,1500,1500,1500,1500,1500,1500,1500,1500
GET,/api/locations/parks/?name=BALMORAL%20PARK,2,0,453.81304800000066,540.6471160000024,453.81304800000066,627.4811840000041,1435.0,0.03322647591731787,0.0,630,630,630,630,630,630,630,630,630,630,630
GET,/api/locations/parks/?name=BANBURY%20PARK,4,0,71,434.5440457499947,9.671414999985473,853.1788930000062,1882.0,0.06645295183463575,0.0,800,800,850,850,850,850,850,850,850,850,850
GET,/api/locations/parks/?name=BAYCREST%20PARK,6,0,39,231.87043533332977,5.678498999998283,1100.857110999982,954.0,0.09967942775195363,0.0,74,74,160,160,1100,1100,1100,1100,1100,1100,1100
GET,/api/locations/parks/?name=BAYVIEW%20VILLAGE%20PARK,3,0,1400.0,961.6771916666663,7.701975999992783,1486.2647459999891,1495.0,0.04983971387597681,0.0,1400,1400,1500,1500,1500,1500,1500,1500,1500,1500,1500
GET,/api/locations/parks/?name=BEACHES%20PARK,2,0,4.229887000008148,630.1938245000116,4.229887000008148,1256.157762000015,5104.0,0.03322647591731787,0.0,1300,1300,1300,1300,1300,1300,1300,1300,1300,1300,1300
GET,/api/locations/parks/?name=BEAUMONDE%20HEIGHTS%20PARK,3,0,470.0,552.3373806666712,3.580744000004188,1186.3375720000136,1517.0,0.04983971387597681,0.0,470,470,1200,1200,1200,1200,1200,1200,1200,1200,1200
GET,/api/locations/parks/?name=BELLBURY%20PARK,2,0,4.092912999993814,24.319102500001577,4.092912999993814,44.54529200000934,2788.0,0.03322647591731787,0.0,45,45,45,45,45,45,45,45,45,45,45
GET,/api/locations/parks/?name=BENNINGTON%20HEIGHTS%20PARK,2,0,5,5.20939150000288,4.620321000004424,5.7984620000013365,1008.0,0.03322647591731787,0.0,6,6,6,6,6,6,6,6,6,6,6
GET,/api/locations/parks/?name=BESTVIEW%20PARK,3,0,8,124.46413300000359,4.567185000013296,360.48268900000835,1432.0,0.04983971387597681,0.0,8,8,360,360,360,360,360,360,360,360,360
GET,/api/locations/parks/?name=BIRCH%20PARK,4,0,9,64.63482600000248,4.152603999983739,163.23009699999602,946.0,0.06645295183463575,0.0,82,82,160,160,160,160,160,160,160,160,160
GET,/api/locations/parks/?name=BIRCHMOUNT%20PARK,5,0,53,502.87108899999566,24.579905999985385,1460.7753079999952,971.0,0.08306618979329469,0.0,53,950,950,1500,1500,1500,1500,1500,1500,1500,1500
GET,/api/locations/parks/?name=BLOORDALE%20PARK%20SOUTH,2,0,6.4133429999913005,530.4906024999951,6.4133429999913005,1054.567861999999,1004.0,0.03322647591731787,0.0,1100,1100,1100,1100,1100,1100,1100,1100,1100,1100,1100
GET,/api/locations/parks/?name=BOND%20PARK,5,0,4,313.2074821999993,3.949920999986034,1543.0215590000103,3150.0,0.08306618979329469,0.0,4,11,11,1500,1500,1500,1500,1500,1500,1500,1500
GET,/api/locations/parks/?name=BOTANY%20HILL%20PARK,3,0,46,178.13787566666406,38.96777299999599,449.1032170000153,1944.0,0.04983971387597681,0.0,46,46,450,450,450,450,450,450,450,450,450
GET,/api/locations/parks/?name=BRIDLEWOOD%20PARK,8,0,7,247.69827387500243,4.3022389999975985,1094.6829589999822,1454.0,0.1329059036692715,0.0,90,250,520,520,1100,1100,1100,1100,1100,1100,1100
GET,/api/locations/parks/?name=BROADLANDS%20PARK,3,0,8,79.05575333334507,3.776882000011028,225.1614360000076,1937.0,0.04983971387597681,0.0,8,8,230,230,230,230,230,230,230,230,230
GET,/api/locations/parks/?name=BUTTONWOOD%20PARK,7,0,13,86.40694785713825,3.412736999990784,473.40785899999105,1453.0,0.11629266571061256,0.0,13,49,56,56,470,470,470,470,470,470,470
GET,/api/locations/parks/?name=CARTWRIGHT%20SCHOOL%20PARK,6,0,150.0,406.38615516666715,4.420442999986562,874.6259570000063,1014.0,0.09967942775195363,0.0,590,590,670,670,870,870,870,870,870,870,870
GET,/api/locations/parks/?name=CASSANDRA%20PARK,1,0,36.11186300000213,36.11186300000213,36.11186300000213,36.11186300000213,2334.0,0.016613237958658936,0.0,36,36,36,36,36,36,36,36,36,36,36
GET,/api/locations/parks/?name=CEDARVALE%20PARK,2,0,35,311.0504710000015,34.98287499999719,587.1180670000058,1954.0,0.03322647591731787,0.0,590,590,590,590,590,590,590,590,590,590,590
GET,/api/locations/parks/?name=CHALKFARM%20PARK,6,0,48,141.73907483332945,3.8650369999970735,386.4635349999901,962.0,0.09967942775195363,0.0,160,160,250,250,390,390,390,390,390,390,390
GET,/api/locations/parks/?name=CHAMPLAIN%20PARKETTE,5,0,190.0,262.85280659998875,3.614148999986355,771.0985989999983,988.0,0.08306618979329469,0.0,190,340,340,770,770,770,770,770,770,770,770
GET,/api/locations/parks/?name=CHARLOTTETOWN%20PARK,2,0,4.431688000011036,506.5682375000051,4.431688000011036,1008.7047869999992,1490.0,0.03322647591731787,0.0,1000,1000,1000,1000,1000,1000,1000,1000,1000,1000,1000
GET,/api/locations/parks/?name=CLAIRLEA%20PARK,4,0,16,56.9954260000074,4.872581000000764,180.96771200001172,956.0,0.06645295183463575,0.0,26,26,180,180,180,180,180,180,180,180,180
GET,/api/locations/parks/?name=CLANTON%20PARK,6,0,4,114.75077999999428,3.767936000002692,408.03189400000406,1822.0,0.09967942775195363,0.0,14,14,250,250,410,410,410,410,410,410,410
GET,/api/locations/parks/?name=CLIFFWOOD%20PARK,3,0,82,154.00841033332804,50.34655700001167,329.23265299999116,1442.0,0.04983971387597681,0.0,82,82,330,330,330,330,330,330,330,330,330
GET,/api/locations/parks/?name=CLOVERDALE%20PARK,4,0,16,20.635200499995676,3.910943999983374,31.273261999984925,1460.0,0.06645295183463575,0.0,31,31,31,31,31,31,31,31,31,31,31
GET,/api/locations/parks/?name=CLYDESDALE%20PARK,4,0,7,37.16380324999591,3.9745690000074774,92.53368399998863,2345.0,0.06645295183463575,0.0,45,45,93,93,93,93,93,93,93,93,93
GET,/api/locations/parks/?name=COLEMAN%20PARK,2,0,4.220070000002352,224.414926999998,4.220070000002352,444.6097839999936,960.0,0.03322647591731787,0.0,440,440,440,440,440,440,440,440,440,440,440
GET,/api/locations/parks/?name=CONFEDERATION%20PARK,5,0,410.0,516.5211982000017,5.0402370000028895,1081.1263539999914,1490.0,0.08306618979329469,0.0,410,750,750,1100,1100,1100,1100,1100,1100,1100,1100
GET,/api/locations/parks/?name=COSBURN%20PARK,6,0,7,260.6109273333317,4.656595999989577,799.6250779999912,2818.0,0.09967942775195363,0.0,88,88,660,660,800,800,800,800,800,800,800
GET,/api/locations/parks/?name=CRESTHAVEN%20PARK,3,0,120.0,150.54890133332796,13.197394000002305,321.7379539999854,1923.0,0.04983971387597681,0.0,120,120,320,320,320,320,320,320,320,320,320
GET,/api/locations/parks/?name=CUMMER%20PARK,1,0,1155.026630000009,1155.026630000009,1155.026630000009,1155.026630000009,1882.0,0.016613237958658936,0.0,1200,1200,1200,1200,1200,1200,1200,1200,1200,1200,1200
GET,/api/locations/parks/?name=DENNIS%20FLYNN%20PARK,2,0,5.288989999996829,6.519109500004561,5.288989999996829,7.749229000012292,1351.0,0.03322647591731787,0.0,8,8,8,8,8,8,8,8,8,8,8
GET,/api/locations/parks/?name=DOVERCOURT%20PARK,6,0,4,184.0727818333363,3.5266390000003867,1079.7549990000164,982.0,0.09967942775195363,0.0,5,5,8,8,1100,1100,1100,1100,1100,1100,1100
GET,/api/locations/parks/?name=DUNLACE%20PARK,4,0,54,325.5924254999982,3.8970039999810524,1110.630609000026,1828.0,0.06645295183463575,0.0,130,130,1100,1100,1100,1100,1100,1100,1100,1100,1100
GET,/api/locations/parks/?name=EARLSCOURT%20PARK,4,0,600.0,609.672477249994,112.68718299999136,1126.081524,486.0,0.06645295183463575,0.0,600,600,1100,1100,1100,1100,1100,1100,1100,1100,1100
GET,/api/locations/parks/?name=EAST%20MALL%20PARK,4,0,7,280.41282524999644,3.609184999987747,1044.8747719999858,1460.0,0.06645295183463575,0.0,66,66,1000,1000,1000,1000,1000,1000,1000,1000,1000
GET,/api/locations/parks/?name=EGLINTON%20FLATS,2,0,71.4272999999821,103.25819899999544,71.4272999999821,135.0890980000088,6278.0,0.03322647591731787,0.0,140,140,140,140,140,140,140,140,140,140,140
GET,/api/locations/parks/?name=EGLINTON%20PARK,3,0,30,280.16429800000725,17.421780000006493,793.0320020000181,962.0,0.04983971387597681,0.0,30,30,790,790,790,790,790,790,790,790,790
GET,/api/locations/parks/?name=ELIZABETH%20SIMCOE%20PARK,7,0,81,217.83734028571595,4.240411999973048,740.6332070000019,1994.0,0.11629266571061256,0.0,81,270,360,360,740,740,740,740,740,740,740
GET,/api/locations/parks/?name=FAIRMOUNT%20PARK,1,0,414.84674699998436,414.84674699998436,414.84674699998436,414.84674699998436,2442.0,0.016613237958658936,0.0,410,410,410,410,410,410,410,410,410,410,410
GET,/api/locations/parks/?name=FENSIDE%20PARK,5,0,140.0,247.46733499999323,4.768620999982431,929.4774650000193,1897.0,0.08306618979329469,0.0,140,160,160,930,930,930,930,930,930,930,930
GET,/api/locations/parks/?name=FIRGROVE%20PARK,2,0,5,728.5889730000008,4.78972499999486,1452.3882210000068,1447.0,0.03322647591731787,0.0,1500,1500,1500,1500,1500,1500,1500,1500,1500,1500,1500
GET,/api/locations/parks/?name=FLAGSTAFF%20PARK,5,0,11,369.1663245999905,6.555109999993647,1361.9865889999971,966.0,0.08306618979329469,0.0,11,460,460,1400,1400,1400,1400,1400,1400,1400,1400
GET,/api/locations/parks/?name=FOUNTAINHEAD%20PARK,5,0,4,12.942139599999791,3.220499999997628,50.02902200001813,1878.0,0.08306618979329469,0.0,4,4,4,50,50,50,50,50,50,50,50
GET,/api/locations/parks/?name=GIHON%20SPRING%20PARK,4,0,5,299.0213795000045,3.5159760000169626,1181.2712200000135,992.0,0.06645295183463575,0.0,6,6,1200,1200,1200,1200,1200,1200,1200,1200,1200
GET,/api/locations/parks/?name=GLEN%20PARK,4,0,4,37.99126424999599,3.760631999995212,129.57939500000748,943.0,0.06645295183463575,0.0,15,15,130,130,130,130,130,130,130,130,130
GET,/api/locations/parks/?name=GLENDORA%20PARK,6,0,510.0,598.3857676666654,76.25504999998611,1117.5735289999977,956.0,0.09967942775195363,0.0,720,720,1100,1100,1100,1100,1100,1100,1100,1100,1100
GET,/api/locations/parks/?name=GOULDING%20PARK,2,0,4,544.2791990000018,3.8978940000049533,1084.6605039999986,1429.0,0.03322647591731787,0.0,1100,1100,1100,1100,1100,1100,1100,1100,1100,1100,1100
GET,/api/locations/parks/?name=GRACEDALE%20PARK,6,0,4,171.5099546666702,3.0767499999910797,1000.3862169999991,1460.0,0.09967942775195363,0.0,8,8,10,10,1000,1000,1000,1000,1000,1000,1000
GET,/api/locations/parks/?name=GRANDRAVINE%20PARK,1,0,13.427446999997983,13.427446999997983,13.427446999997983,13.427446999997983,1462.0,0.016613237958658936,0.0,13,13,13,13,13,13,13,13,13,13,13
GET,/api/locations/parks/?name=GRAYDON%20HALL%20PARK,2,0,38.06821800000648,39.70442349999814,38.06821800000648,41.340628999989804,1481.0,0.03322647591731787,0.0,41,41,41,41,41,41,41,41,41,41,41
GET,/api/locations/parks/?name=GWENDOLEN%20PARK,5,0,9,115.09353800000213,3.5907790000067052,547.4660200000017,2288.0,0.08306618979329469,0.0,9,10,10,550,550,550,550,550,550,550,550
GET,/api/locations/parks/?name=HAVENBROOK%20PARK,5,0,200.0,305.82285060000345,5.209901000000627,926.6957419999926,2350.0,0.08306618979329469,0.0,200,370,370,930,930,930,930,930,930,930,930
GET,/api/locations/parks/?name=HAWKSBURY%20PARK,9,0,590.0,636.8454236666612,3.9146279999897615,1581.8251959999827,3272.0,0.14951914162793045,0.0,590,920,1100,1300,1600,1600,1600,1600,1600,1600,1600
GET,/api/locations/parks/?name=HENDON%20PARK,7,0,160.0,501.3972877142854,3.9669639999999617,1620.5107429999828,2281.0,0.11629266571061256,0.0,160,620,980,980,1600,1600,1600,1600,1600,1600,1600
GET,/api/locations/parks/?name=HERON%20PARK,2,0,4.178868999986207,78.64158849999114,4.178868999986207,153.10430799999608,2723.0,0.03322647591731787,0.0,150,150,150,150,150,150,150,150,150,150,150
GET,/api/locations/parks/?name=HIGH%20PARK,4,0,31,351.1795054999993,5.034244999990278,807.9338910000047,6921.0,0.06645295183463575,0.0,560,560,810,810,810,810,810,810,810,810,810
GET,/api/locations/parks/?name=HILLCREST%20PARK,3,0,130.0,352.48098033332553,12.257659999988846,910.8300869999937,2351.0,0.04983971387597681,0.0,130,130,910,910,910,910,910,910,910,910,910
GET,/api/locations/parks/?name=HOWARD%20TALBOT%20PARK,2,0,3.2314430000042194,373.0820225000002,3.2314430000042194,742.9326019999962,992.0,0.03322647591731787,0.0,740,740,740,740,740,740,740,740,740,740,740
GET,/api/locations/parks/?name=HULLMAR%20PARK,3,0,290.0,396.35798966666397,3.7814769999897635,899.103728,1417.0,0.04983971387597681,0.0,290,290,900,900,900,900,900,900,900,900,900
GET,/api/locations/parks/?name=HUMBERSIDE%20GROUNDS,2,0,4.298587999983283,90.30418699998677,4.298587999983283,176.30978599999025,1964.0,0.03322647591731787,0.0,180,180,180,180,180,180,180,180,180,180,180
GET,/api/locations/parks/?name=INDIAN%20LINE%20PARK,3,0,35,184.23529966666288,3.092350999992277,514.7630259999971,990.0,0.04983971387597681,0.0,35,35,510,510,510,510,510,510,510,510,510
GET,/api/locations/parks/?name=IROQUOIS%20PARK,4,0,120.0,456.80783075000164,4.6884870000099,1586.6441069999837,1445.0,0.06645295183463575,0.0,120,120,1600,1600,1600,1600,1600,1600,1600,1600,1600
GET,/api/locations/parks/?name=IRVING%20W.%20CHAPLEY%20PARK,4,0,9,309.3306979999966,4.180845999997018,1072.8734759999838,1015.0,0.06645295183463575,0.0,150,150,1100,1100,1100,1100,1100,1100,1100,1100,1100
GET,/api/locations/parks/?name=JEFF%20HEALEY%20PARK,1,0,5.482539000013276,5.482539000013276,5.482539000013276,5.482539000013276,975.0,0.016613237958658936,0.0,5,5,5,5,5,5,5,5,5,5,5
GET,/api/locations/parks/?name=JIMMIE%20SIMPSON%20PARK,3,0,4,66.65387533333462,3.68207599998982,192.58082900000772,1001.0,0.04983971387597681,0.0,4,4,190,190,190,190,190,190,190,190,190
GET,/api/locations/parks/?name=JONATHAN%20ASHBRIDGE%20PARK,3,0,48,35.967381999995496,3.1805880000206344,56.25697299998933,1013.0,0.04983971387597681,0.0,48,48,56,56,56,56,56,56,56,56,56
GET,/api/locations/parks/?name=JUNE%20ROWLANDS%20PARK,3,0,70,221.23966400000464,66.37777000000256,527.5594519999913,3418.0,0.04983971387597681,0.0,70,70,530,530,530,530,530,530,530,530,530
GET,/api/locations/parks/?name=KINGSVIEW%20PARK,2,0,10,531.3478289999836,9.577956999976323,1053.1177009999908,972.0,0.03322647591731787,0.0,1100,1100,1100,1100,1100,1100,1100,1100,1100,1100,1100
GET,/api/locations/parks/?name=KIRKWOOD%20PARK,3,0,120.0,458.98681633333166,83.14839499999493,1174.0339680000034,1906.0,0.04983971387597681,0.0,120,120,1200,1200,1200,1200,1200,1200,1200,1200,1200
GET,/api/locations/parks/?name=L'AMOREAUX%20SPORTS%20COMPLEX,5,0,120.0,241.45845520000648,5.269980000008445,640.4686300000151,2596.0,0.08306618979329469,0.0,120,420,420,640,640,640,640,640,640,640,640
GET,/api/locations/parks/?name=LABURNHAM%20PARK,6,0,5,48.45401599999851,3.7009710000006635,156.30960999999388,970.0,0.09967942775195363,0.0,55,55,66,66,160,160,160,160,160,160,160
GET,/api/locations/parks/?name=LAKESHORE%20BOULEVARD%20PARKLANDS,3,0,64,104.38781766667186,4.701224999990927,244.85137900001064,2124.0,0.04983971387597681,0.0,64,64,240,240,240,240,240,240,240,240,240
GET,/api/locations/parks/?name=LAMBTON%20-%20KINGSWAY%20PARK,1,0,34.60509200002093,34.60509200002093,34.60509200002093,34.60509200002093,1020.0,0.016613237958658936,0.0,35,35,35,35,35,35,35,35,35,35,35
GET,/api/locations/parks/?name=LANYARD%20PARK,3,0,980.0,688.1487879999971,4.006484999990789,1083.0581859999882,1428.0,0.04983971387597681,0.0,980,980,1100,1100,1100,1100,1100,1100,1100,1100,1100
GET,/api/locations/parks/?name=LAWRENCE%20PARK%20AND%20RAVINE,6,0,99,349.14289399999626,5.15079600000945,1062.1326250000038,1955.0,0.09967942775195363,0.0,370,370,550,550,1100,1100,1100,1100,1100,1100,1100
GET,/api/locations/parks/?name=LEASIDE%20PARK,2,0,54,795.6141860000088,53.63016000001153,1537.598212000006,2839.0,0.03322647591731787,0.0,1500,1500,1500,1500,1500,1500,1500,1500,1500,1500,1500
GET,/api/locations/parks/?name=LILLIAN%20PARK,4,0,4,223.83562299999937,3.2277100000044356,871.2357699999984,1421.0,0.06645295183463575,0.0,17,17,870,870,870,870,870,870,870,870,870
GET,/api/locations/parks/?name=LORA%20HILL%20PARK,10,0,60,300.16038729999934,4.953814999993256,956.3283420000062,970.0,0.16613237958658938,0.0,110,150,750,930,960,960,960,960,960,960,960
GET,/api/locations/parks/?name=LYTTON%20PARK,2,0,451.15212599998245,813.4001289999873,451.15212599998245,1175.648131999992,1812.0,0.03322647591731787,0.0,1200,1200,1200,1200,1200,1200,1200,1200,1200,1200,1200
GET,/api/locations/parks/?name=MAJOR%20ABBAS%20ALI%20PARK,3,0,660.0,667.5467196666697,144.86820199999784,1200.429062000012,1490.0,0.04983971387597681,0.0,660,660,1200,1200,1200,1200,1200,1200,1200,1200,1200
GET,/api/locations/parks/?name=MALVERN%20PARK,1,0,10.011009999999487,10.011009999999487,10.011009999999487,10.011009999999487,1420.0,0.016613237958658936,0.0,10,10,10,10,10,10,10,10,10,10,10
GET,/api/locations/parks/?name=MANCHESTER%20PARK,3,0,5,17.75440699999346,4.263803000014832,43.735428999980286,1466.0,0.04983971387597681,0.0,5,5,44,44,44,44,44,44,44,44,44
GET,/api/locations/parks/?name=MAPLE%20LEAF%20PARK,3,0,200.0,226.7619839999971,41.978577000008954,433.37604299998134,1459.0,0.04983971387597681,0.0,200,200,430,430,430,430,430,430,430,430,430
GET,/api/locations/parks/?name=MARILYN%20BELL%20PARK,3,0,110.0,552.5818226666767,7.158588000010013,1539.9521820000075,1894.0,0.04983971387597681,0.0,110,110,1500,1500,1500,1500,1500,1500,1500,1500,1500
GET,/api/locations/parks/?name=MARTIN%20GROVE%20GARDENS%20PARK,2,0,4.114651999998387,36.1720264999974,4.114651999998387,68.22940099999641,1553.0,0.03322647591731787,0.0,68,68,68,68,68,68,68,68,68,68,68
GET,/api/locations/parks/?name=MARYLAND%20PARK,2,0,6,214.71657250002352,5.575290000024324,423.8578550000227,2348.0,0.03322647591731787,0.0,420,420,420,420,420,420,420,420,420,420,420
GET,/api/locations/parks/?name=MARYVALE%20PARK,3,0,7,303.7454816666525,3.3244919999901867,900.6441199999813,1435.0,0.04983971387597681,0.0,7,7,900,900,900,900,900,900,900,900,900
GET,/api/locations/parks/?name=MCDAIRMID%20WOODS%20PARK,6,0,7,193.84206449999417,3.1413629999974546,978.8285239999936,1491.0,0.09967942775195363,0.0,8,8,160,160,980,980,980,980,980,980,980
GET,/api/locations/parks/?name=MCGREGOR%20PARK,3,0,65,223.54527966666637,3.338432999981933,601.843419000005,1443.0,0.04983971387597681,0.0,65,65,600,600,600,600,600,600,600,600,600
GET,/api/locations/parks/?name=MCNICOLL%20PARK,4,0,280.0,722.4385632500016,6.469992999996066,1617.5172199999963,1435.0,0.06645295183463575,0.0,990,990,1600,1600,1600,1600,1600,1600,1600,1600,1600
GET,/api/locations/parks/?name=MILL%20VALLEY%20PARK,1,0,4.002696000014794,4.002696000014794,4.002696000014794,4.002696000014794,972.0,0.016613237958658936,0.0,4,4,4,4,4,4,4,4,4,4,4
GET,/api/locations/parks/?name=MILLWOOD%20PARK,5,0,13,97.86592880000171,5.424395000005688,350.94377299998314,1444.0,0.08306618979329469,0.0,13,110,110,350,350,350,350,350,350,350,350
GET,/api/locations/parks/?name=MIMICO%20MEMORIAL%20PARK,1,0,669.6687460000135,669.6687460000135,669.6687460000135,669.6687460000135,1913.0,0.016613237958658936,0.0,670,670,670,670,670,670,670,670,670,670,670
GET,/api/locations/parks/?name=MOORE%20PARK,2,0,4,3.977155499995888,3.6408940000001166,4.313416999991659,1400.0,0.03322647591731787,0.0,4,4,4,4,4,4,4,4,4,4,4
GET,/api/locations/parks/?name=MOOREVALE%20PARK,2,0,4,34.57829350000452,3.6338879999959772,65.52269900001306,2839.0,0.03322647591731787,0.0,66,66,66,66,66,66,66,66,66,66,66
GET,/api/locations/parks/?name=MOSS%20PARK,2,0,10,25.351570499992704,9.614572999993243,41.088567999992165,949.0,0.03322647591731787,0.0,41,41,41,41,41,41,41,41,41,41,41
GET,/api/locations/parks/?name=NORTH%20BENDALE%20PARK,4,0,5,24.720078249998778,4.055892999986099,81.70563699999889,1470.0,0.06645295183463575,0.0,8,8,82,82,82,82,82,82,82,82,82
GET,/api/locations/parks/?name=NORTH%20PARK,3,0,22,32.90770633333295,3.1452709999939543,74.0488790000029,940.0,0.04983971387597681,0.0,22,22,74,74,74,74,74,74,74,74,74
GET,/api/locations/parks/?name=NORWOOD%20PARK,3,0,75,501.2145996666675,31.760703999992757,1396.7777790000184,2390.0,0.04983971387597681,0.0,75,75,1400,1400,1400,1400,1400,1400,1400,1400,1400
GET,/api/locations/parks/?name=OLD%20MILL%20SITE%20PARK,2,0,55.26559800000541,343.51627850000455,55.26559800000541,631.7669590000037,1970.0,0.03322647591731787,0.0,630,630,630,630,630,630,630,630,630,630,630
GET,/api/locations/parks/?name=ORIOLE%20PARK%20-%20NORTH%20YORK,3,0,22,27.826613999981948,5.6568499999798405,55.987408999982335,2042.0,0.04983971387597681,0.0,22,22,56,56,56,56,56,56,56,56,56
GET,/api/locations/parks/?name=ORIOLE%20PARK%20-%20TORONTO,2,0,4,18.759357499988027,3.808670999973174,33.71004400000288,1015.0,0.03322647591731787,0.0,34,34,34,34,34,34,34,34,34,34,34
GET,/api/locations/parks/?name=OURLAND%20PARK,2,0,3.4188289999974586,259.3036119999965,3.4188289999974586,515.1883949999956,956.0,0.03322647591731787,0.0,520,520,520,520,520,520,520,520,520,520,520
GET,/api/locations/parks/?name=PARK%20LAWN%20PARK,3,0,4,393.73191300000104,3.469840000008162,1173.8487499999906,1941.0,0.04983971387597681,0.0,4,4,1200,1200,1200,1200,1200,1200,1200,1200,1200
GET,/api/locations/parks/?name=PELMO%20PARK,1,0,1206.6653779999967,1206.6653779999967,1206.6653779999967,1206.6653779999967,1418.0,0.016613237958658936,0.0,1200,1200,1200,1200,1200,1200,1200,1200,1200,1200,1200
GET,/api/locations/parks/?name=PINE%20POINT%20PARK,2,0,4,63.933010499994225,3.938503999989962,123.92751699999849,3318.0,0.03322647591731787,0.0,120,120,120,120,120,120,120,120,120,120,120
GET,/api/locations/parks/?name=PRAIRIE%20DRIVE%20PARK,3,0,4,286.66691233332625,3.694929999994656,852.3886259999927,1474.0,0.04983971387597681,0.0,4,4,850,850,850,850,850,850,850,850,850
GET,/api/locations/parks/?name=PRINCE%20OF%20WALES%20PARK,2,0,540.3004870000245,855.2447480000183,540.3004870000245,1170.189009000012,1989.0,0.03322647591731787,0.0,1200,1200,1200,1200,1200,1200,1200,1200,1200,1200,1200
GET,/api/locations/parks/?name=PRINCESS%20ANNE%20PARK,3,0,420.0,525.5810606666765,3.6596470000063164,1152.5330880000126,1014.0,0.04983971387597681,0.0,420,420,1200,1200,1200,1200,1200,1200,1200,1200,1200
GET,/api/locations/parks/?name=Park%20Name,5,0,120.0,342.7271689999884,3.8357069999790383,1160.0876439999865,424.0,0.08306618979329469,0.0,120,320,320,1200,1200,1200,1200,1200,1200,1200,1200
GET,/api/locations/parks/?name=QUEENSWAY%20PARK,3,0,300.0,508.9721260000033,264.7814169999947,959.4279020000158,444.0,0.04983971387597681,0.0,300,300,960,960,960,960,960,960,960,960,960
GET,/api/locations/parks/?name=RAMSDEN%20PARK,2,0,170.94221199999993,249.4492665000081,170.94221199999993,327.95632100001626,5821.0,0.03322647591731787,0.0,330,330,330,330,330,330,330,330,330,330,330
GET,/api/locations/parks/?name=RENNIE%20PARK,5,0,4,5.347582999996803,3.982436000001144,7.327494999998407,1877.0,0.08306618979329469,0.0,4,7,7,7,7,7,7,7,7,7,7
GET,/api/locations/parks/?name=ROCKFORD%20PARK,5,0,5,247.56241879999266,3.5574679999967884,1182.5263179999865,954.0,0.08306618979329469,0.0,5,42,42,1200,1200,1200,1200,1200,1200,1200,1200
GET,/api/locations/parks/?name=ROSEDALE%20PARK,1,0,4.552169999982425,4.552169999982425,4.552169999982425,4.552169999982425,4337.0,0.016613237958658936,0.0,5,5,5,5,5,5,5,5,5,5,5
GET,/api/locations/parks/?name=ROSETHORN%20PARK,5,0,8,383.1522712000037,3.6330110000051263,1011.6882769999904,1445.0,0.08306618979329469,0.0,8,890,890,1000,1000,1000,1000,1000,1000,1000,1000
GET,/api/locations/parks/?name=ROTARY%20PEACE%20PARK,4,0,5,225.2776764999993,3.409425000000965,886.4040079999995,984.0,0.06645295183463575,0.0,6,6,890,890,890,890,890,890,890,890,890
GET,/api/locations/parks/?name=ROYAL%20CREST%20PARK,6,0,640.0,651.5978916666683,24.2321980000213,1128.8882869999952,1474.0,0.09967942775195363,0.0,690,690,1000,1000,1100,1100,1100,1100,1100,1100,1100
GET,/api/locations/parks/?name=ROYWOOD%20PARK,3,0,98,237.28696933333518,7.022140999993098,606.6231140000014,2281.0,0.04983971387597681,0.0,98,98,610,610,610,610,610,610,610,610,610
GET,/api/locations/parks/?name=RUDDINGTON%20PARK,7,0,130.0,585.2457102857168,5.050035000010666,1573.4922419999862,1453.0,0.11629266571061256,0.0,130,1000,1300,1300,1600,1600,1600,1600,1600,1600,1600
GET,/api/locations/parks/?name=RUNNYMEDE%20PARK,3,0,6,11.47229466666507,3.7718140000038147,24.712647999990622,965.0,0.04983971387597681,0.0,6,6,25,25,25,25,25,25,25,25,25
GET,/api/locations/parks/?name=SCARBOROUGH%20BLUFFS%20PARK,5,0,43,374.97731820000126,4.075972999999067,1176.053362999994,2484.0,0.08306618979329469,0.0,43,650,650,1200,1200,1200,1200,1200,1200,1200,1200
GET,/api/locations/parks/?name=SCARLETT%20MILLS%20PARK,4,0,5,186.1647095000052,4.58746900000051,669.286048999993,2006.0,0.06645295183463575,0.0,66,66,670,670,670,670,670,670,670,670,670
GET,/api/locations/parks/?name=SENECA%20HILL%20PARK,2,0,30.46995200000424,36.75932900000589,30.46995200000424,43.04870600000754,1944.0,0.03322647591731787,0.0,43,43,43,43,43,43,43,43,43,43,43
GET,/api/locations/parks/?name=SENTINEL%20PARK,6,0,26,460.7268091666678,3.919211999999561,1031.124659999989,954.0,0.09967942775195363,0.0,770,770,930,930,1000,1000,1000,1000,1000,1000,1000
GET,/api/locations/parks/?name=SEVEN%20OAKS%20PARK,4,0,74,137.92625625001165,59.21859700001164,322.108849000017,1448.0,0.06645295183463575,0.0,96,96,320,320,320,320,320,320,320,320,320
GET,/api/locations/parks/?name=SHAWNEE%20PARK,7,0,45,201.186452285713,3.7530580000009195,1144.9224619999825,1890.0,0.11629266571061256,0.0,45,60,140,140,1100,1100,1100,1100,1100,1100,1100
GET,/api/locations/parks/?name=SILVER%20CREEK%20PARK,3,0,320.0,229.41317633331929,4.425284999996393,367.8170159999752,1480.0,0.04983971387597681,0.0,320,320,370,370,370,370,370,370,370,370,370
GET,/api/locations/parks/?name=SIR%20ADAM%20BECK%20PARK,7,0,10,268.1390658571518,3.519202999996196,1031.2500440000179,986.0,0.11629266571061256,0.0,10,13,810,810,1000,1000,1000,1000,1000,1000,1000
GET,/api/locations/parks/?name=STANLEY%20PARK%20,3,0,8,159.59474433333298,3.661145999984683,467.1183600000006,2494.0,0.04983971387597681,0.0,8,8,470,470,470,470,470,470,470,470,470
GET,/api/locations/parks/?name=STANLEY%20PARK%20SOUTH%20-%20TORONTO,4,0,5,294.852117749997,4.2321619999938775,1136.9759920000035,1066.0,0.06645295183463575,0.0,33,33,1100,1100,1100,1100,1100,1100,1100,1100,1100
GET,/api/locations/parks/?name=STEPHEN%20LEACOCK%20PARK,5,0,190.0,315.97044319998986,8.103019000003542,1042.9017349999867,1998.0,0.08306618979329469,0.0,190,250,250,1000,1000,1000,1000,1000,1000,1000,1000
GET,/api/locations/parks/?name=STRATHBURN%20PARK,7,0,6,221.91913600000086,3.098741000002292,1217.8506059999847,981.0,0.11629266571061256,0.0,6,140,180,180,1200,1200,1200,1200,1200,1200,1200
GET,/api/locations/parks/?name=SUMMERLEA%20PARK,5,0,23,293.9542575999951,3.7805139999989024,1084.969204999993,962.0,0.08306618979329469,0.0,23,350,350,1100,1100,1100,1100,1100,1100,1100,1100
GET,/api/locations/parks/?name=SUNNYDALE%20ACRES%20PARK,7,0,11,78.75893728571067,3.4972459999949024,298.50411099999974,1994.0,0.11629266571061256,0.0,11,51,170,170,300,300,300,300,300,300,300
GET,/api/locations/parks/?name=SUNNYLEA%20PARK,6,0,8,97.43206050000215,3.2609329999786496,479.43808100001206,978.0,0.09967942775195363,0.0,15,15,76,76,480,480,480,480,480,480,480
GET,/api/locations/parks/?name=SWEENEY%20PARK,4,0,17,305.33303024999014,3.4394859999906657,1160.2031719999957,1421.0,0.06645295183463575,0.0,40,40,1200,1200,1200,1200,1200,1200,1200,1200,1200
GET,/api/locations/parks/?name=SYMINGTON%20AVENUE%20PLAYGROUND,7,0,5,84.88296285714065,3.654554999997117,532.4263170000165,1047.0,0.11629266571061256,0.0,5,6,37,37,530,530,530,530,530,530,530
GET,/api/locations/parks/?name=TAM%20HEATHER%20COUNTRY%20CLUB%20GROUNDS,3,0,5,405.55025866666483,4.059727999987217,1207.960270000001,2062.0,0.04983971387597681,0.0,5,5,1200,1200,1200,1200,1200,1200,1200,1200,1200
GET,/api/locations/parks/?name=THOMSON%20MEMORIAL%20PARK,6,0,5,14.913114499994625,3.476341999999022,38.94244999997909,1498.0,0.09967942775195363,0.0,9,9,29,29,39,39,39,39,39,39,39
GET,/api/locations/parks/?name=THREE%20VALLEYS%20PARK,3,0,5,7.5133293333446245,3.6817010000049777,13.874347000012222,988.0,0.04983971387597681,0.0,5,5,14,14,14,14,14,14,14,14,14
GET,/api/locations/parks/?name=TOM%20RILEY%20PARK,1,0,390.90414800000417,390.90414800000417,390.90414800000417,390.90414800000417,1469.0,0.016613237958658936,0.0,390,390,390,390,390,390,390,390,390,390,390
GET,/api/locations/parks/?name=TOPHAM%20PARK,2,0,463.60234400000877,802.2174325000009,463.60234400000877,1140.832520999993,962.0,0.03322647591731787,0.0,1100,1100,1100,1100,1100,1100,1100,1100,1100,1100,1100
GET,/api/locations/parks/?name=TORONTO%20ISLANDS%20-%20HANLAN'S%20POINT%20PARK,5,0,7,119.93848340000568,4.358676000009609,561.4490100000182,3085.0,0.08306618979329469,0.0,7,22,22,560,560,560,560,560,560,560,560
GET,/api/locations/parks/?name=TOURNAMENT%20PARK,5,0,1100.0,704.3203572000039,4.704787999997961,1175.4571030000136,2345.0,0.08306618979329469,0.0,1100,1200,1200,1200,1200,1200,1200,1200,1200,1200,1200
GET,/api/locations/parks/?name=TRACE%20MANES%20PARK,4,0,6,112.65631775000173,5.663671000007753,289.82260099999735,2924.0,0.06645295183463575,0.0,150,150,290,290,290,290,290,290,290,290,290
GET,/api/locations/parks/?name=TRINITY%20BELLWOODS%20PARK,4,0,5,304.825383750007,3.478567000001931,1065.0227149999978,2041.0,0.06645295183463575,0.0,150,150,1100,1100,1100,1100,1100,1100,1100,1100,1100
GET,/api/locations/parks/?name=VALLEYFIELD%20PARK,2,0,5.0176620000002,5.033580999992182,5.0176620000002,5.049499999984164,448.0,0.03322647591731787,0.0,5,5,5,5,5,5,5,5,5,5,5
GET,/api/locations/parks/?name=VIEWMOUNT%20PARK,1,0,50.58485999998652,50.58485999998652,50.58485999998652,50.58485999998652,1917.0,0.016613237958658936,0.0,51,51,51,51,51,51,51,51,51,51,51
GET,/api/locations/parks/?name=WANLESS%20PARK,1,0,1297.4653199999864,1297.4653199999864,1297.4653199999864,1297.4653199999864,2356.0,0.016613237958658936,0.0,1300,1300,1300,1300,1300,1300,1300,1300,1300,1300,1300
GET,/api/locations/parks/?name=WEDGEWOOD%20PARK%20-%20ETOBICOKE,10,0,120.0,407.4546208999976,3.448120000001609,1147.3816139999826,453.0,0.16613237958658938,0.0,420,430,910,1000,1100,1100,1100,1100,1100,1100,1100
GET,/api/locations/parks/?name=WEDGEWOOD%20PARK%20-%20NORTH%20YORK,3,0,380.0,512.1620269999975,224.85970200000338,936.3245739999968,989.0,0.04983971387597681,0.0,380,380,940,940,940,940,940,940,940,940,940
GET,/api/locations/parks/?name=WEST%20DEANE%20PARK,2,0,3.4774300000037783,3.9493345000067848,3.4774300000037783,4.421239000009791,1953.0,0.03322647591731787,0.0,4,4,4,4,4,4,4,4,4,4,4
GET,/api/locations/parks/?name=WEST%20ROUGE%20PARK,3,0,5,5.509797333341264,4.848656999996592,6.63020300001449,1452.0,0.04983971387597681,0.0,5,5,7,7,7,7,7,7,7,7,7
GET,/api/locations/parks/?name=WESTGROVE%20PARK,5,0,90,445.54930759999826,3.5513140000205112,1402.0862499999964,1451.0,0.08306618979329469,0.0,90,730,730,1400,1400,1400,1400,1400,1400,1400,1400
GET,/api/locations/parks/?name=WESTMOUNT%20PARK,5,0,570.0,539.0523821999977,8.347071999992295,1055.77094100002,1443.0,0.08306618979329469,0.0,570,990,990,1100,1100,1100,1100,1100,1100,1100,1100
GET,/api/locations/parks/?name=WESTON%20LIONS%20PARK,10,0,32,342.1774897000063,3.503528000010192,1164.7344380000106,1977.0,0.16613237958658938,0.0,110,240,710,1100,1200,1200,1200,1200,1200,1200,1200
GET,/api/locations/parks/?name=WESTWAY%20PARK,7,0,110.0,389.7946747142791,4.327682999985427,1149.6139909999954,1914.0,0.11629266571061256,0.0,110,700,700,700,1100,1100,1100,1100,1100,1100,1100
GET,/api/locations/parks/?name=WILLOWDALE%20PARK,4,0,4.207531000020026,242.31480049999732,4.207531000020026,870.9736950000035,2318.0,0.06645295183463575,0.0,90,90,870,870,870,870,870,870,870,870,870
GET,/api/locations/parks/?name=WISHING%20WELL%20PARK,2,0,4.131309999991117,14.647498999991626,4.131309999991117,25.163687999992135,1467.0,0.03322647591731787,0.0,25,25,25,25,25,25,25,25,25,25,25
GET,/api/locations/parks/?name=WITHROW%20PARK,3,0,41,382.9536803333345,4.509608000006438,1103.175403999984,958.0,0.04983971387597681,0.0,41,41,1100,1100,1100,1100,1100,1100,1100,1100,1100
GET,/api/locations/parks/?name=YORK%20MILLS%20VALLEY%20PARK,7,0,78,293.13127471428805,5.368319000012889,1150.0042170000029,2958.0,0.11629266571061256,0.0,78,100,660,660,1200,1200,1200,1200,1200,1200,1200
,Aggregated,2490,0,46,1313.964659750602,2.3761789999809935,12983.411163999988,63972.337751004015,41.366962517060756,0.0,47,360,870,1100,5000,11000,12000,12000,12000,13000,13000
